date,rainfall
2014-05-01,0.2
2014-05-02,0.0
2014-05-03,0.0
2014-05-04,0.5
2014-05-05,0.0
2014-05-06,0.0
2014-05-07,0.0
2014-05-08,0.0
2014-05-09,0.0
2014-05-10,3.5
2014-05-11,0.0
2014-05-12,0.0
2014-05-13,0.0
2014-05-14,0.0
2014-05-15,1.8
2014-05-16,0.0
2014-05-17,0.0
2014-05-18,0.0
2014-05-19,0.0
2014-05-20,0.0
2014-05-21,0.0
2014-05-22,0.0
2014-05-23,0.0
2014-05-24,0.0
2014-05-25,0.0
2014-05-26,0.0
2014-05-27,0.0
2014-05-28,3.4
2014-05-29,0.0
2014-05-30,0.0
2014-05-31,0.0
2014-06-01,0.0
2014-06-02,0.0
2014-06-03,0.0
2014-06-04,0.0
2014-06-05,5.2
2014-06-06,0.5
2014-06-07,0.0
2014-06-08,0.0
2014-06-09,0.0
2014-06-10,3.6
2014-06-11,0.8
2014-06-12,0.0
2014-06-13,0.0
2014-06-14,0.0
2014-06-15,0.0
2014-06-16,1.8
2014-06-17,1.7
2014-06-18,0.0
2014-06-19,0.2
2014-06-20,0.0
2014-06-21,0.0
2014-06-22,0.0
2014-06-23,0.0
2014-06-24,0.0
2014-06-25,0.0
2014-06-26,0.0
2014-06-27,0.0
2014-06-28,0.0
2014-06-29,0.0
2014-06-30,0.0
2014-07-01,0.0
2014-07-02,0.0
2014-07-03,0.0
2014-07-04,0.4
2014-07-05,0.3
2014-07-06,0.0
2014-07-07,0.0
2014-07-08,0.0
2014-07-09,0.0
2014-07-10,0.0
2014-07-11,5.8
2014-07-12,4.8
2014-07-13,5.3
2014-07-14,0.2
2014-07-15,0.6
2014-07-16,5.6
2014-07-17,6.9
2014-07-18,12.0
2014-07-19,6.7
2014-07-20,2.6
2014-07-21,6.6
2014-07-22,26.6
2014-07-23,20.7
2014-07-24,5.0
2014-07-25,2.3
2014-07-26,2.8
2014-07-27,0.0
2014-07-28,4.4
2014-07-29,10.6
2014-07-30,84.3
2014-07-31,67.9
2014-08-01,11.1
2014-08-02,2.5
2014-08-03,3.9
2014-08-04,13.6
2014-08-05,40.9
2014-08-06,5.3
2014-08-07,5.5
2014-08-08,1.3
2014-08-09,1.9
2014-08-10,0.4
2014-08-11,0.5
2014-08-12,0.3
2014-08-13,0.0
2014-08-14,0.0
2014-08-15,1.2
2014-08-16,1.1
2014-08-17,2.8
2014-08-18,0.0
2014-08-19,0.0
2014-08-20,23.4
2014-08-21,1.6
2014-08-22,3.9
2014-08-23,33.5
2014-08-24,26.3
2014-08-25,63.3
2014-08-26,0.1
2014-08-27,6.1
2014-08-28,1.9
2014-08-29,5.4
2014-08-30,22.8
2014-08-31,0.0
2014-09-01,15.0
2014-09-02,1.2
2014-09-03,2.8
2014-09-04,5.8
2014-09-05,4.2
2014-09-06,9.5
2014-09-07,0.0
2014-09-08,0.6
2014-09-09,0.8
2014-09-10,3.4
2014-09-11,0.2
2014-09-12,0.0
2014-09-13,0.0
2014-09-14,0.0
2014-09-15,0.0
2014-09-16,0.0
2014-09-17,0.0
2014-09-18,0.3
2014-09-19,0.0
2014-09-20,1.9
2014-09-21,0.0
2014-09-22,0.0
2014-09-23,0.0
2014-09-24,0.0
2014-09-25,21.6
2014-09-26,61.2
2014-09-27,0.0
2014-09-28,0.0
2014-09-29,0.0
2014-09-30,0.0
2014-10-01,0.3
2014-10-02,8.1
2014-10-03,0.0
2014-10-04,0.0
2014-10-05,0.2
2014-10-06,0.0
2014-10-07,0.0
2014-10-08,4.4
2014-10-09,0.0
2014-10-10,0.0
2014-10-11,0.0
2014-10-12,0.0
2014-10-13,0.0
2014-10-14,0.0
2014-10-15,0.0
2014-10-16,0.0
2014-10-17,0.0
2014-10-18,0.0
2014-10-19,5.5
2014-10-20,0.0
2014-10-21,0.0
2014-10-22,1.6
2014-10-23,0.0
2014-10-24,0.0
2014-10-25,0.0
2014-10-26,5.3
2014-10-27,0.5
2014-10-28,0.0
2014-10-29,0.0
2014-10-30,0.0
2014-10-31,0.0
2015-05-01,0.0
2015-05-02,0.0
2015-05-03,0.0
2015-05-04,0.0
2015-05-05,0.0
2015-05-06,4.4
2015-05-07,0.0
2015-05-08,0.0
2015-05-09,0.0
2015-05-10,0.6
2015-05-11,0.0
2015-05-12,0.0
2015-05-13,0.4
2015-05-14,102.8
2015-05-15,0.0
2015-05-16,3.3
2015-05-17,0.0
2015-05-18,0.0
2015-05-19,0.0
2015-05-20,0.0
2015-05-21,0.0
2015-05-22,0.0
2015-05-23,0.0
2015-05-24,0.0
2015-05-25,0.0
2015-05-26,0.0
2015-05-27,0.0
2015-05-28,0.0
2015-05-29,0.0
2015-05-30,1.2
2015-05-31,0.0
2015-06-01,0.0
2015-06-02,0.0
2015-06-03,0.0
2015-06-04,0.0
2015-06-05,11.2
2015-06-06,3.1
2015-06-07,0.0
2015-06-08,20.0
2015-06-09,0.0
2015-06-10,11.6
2015-06-11,0.0
2015-06-12,34.2
2015-06-13,0.0
2015-06-14,0.0
2015-06-15,0.3
2015-06-16,1.8
2015-06-17,0.0
2015-06-18,0.0
2015-06-19,2.7
2015-06-20,4.3
2015-06-21,3.9
2015-06-22,60.2
2015-06-23,7.7
2015-06-24,44.0
2015-06-25,4.4
2015-06-26,0.0
2015-06-27,0.0
2015-06-28,0.0
2015-06-29,0.4
2015-06-30,1.4
2015-07-01,0.0
2015-07-02,0.0
2015-07-03,0.0
2015-07-04,0.0
2015-07-05,0.0
2015-07-06,0.0
2015-07-07,0.0
2015-07-08,0.0
2015-07-09,1.9
2015-07-10,1.1
2015-07-11,0.9
2015-07-12,0.0
2015-07-13,0.0
2015-07-14,0.0
2015-07-15,0.0
2015-07-16,0.3
2015-07-17,1.1
2015-07-18,0.6
2015-07-19,3.3
2015-07-20,3.4
2015-07-21,8.8
2015-07-22,15.1
2015-07-23,2.1
2015-07-24,0.6
2015-07-25,3.1
2015-07-26,1.4
2015-07-27,0.8
2015-07-28,8.5
2015-07-29,2.2
2015-07-30,5.6
2015-07-31,1.2
2015-08-01,0.8
2015-08-02,0.4
2015-08-03,0.0
2015-08-04,0.0
2015-08-05,2.6
2015-08-06,1.7
2015-08-07,0.5
2015-08-08,0.9
2015-08-09,0.2
2015-08-10,0.2
2015-08-11,0.0
2015-08-12,2.8
2015-08-13,0.1
2015-08-14,3.0
2015-08-15,0.3
2015-08-16,0.0
2015-08-17,0.7
2015-08-18,0.0
2015-08-19,0.0
2015-08-20,0.0
2015-08-21,0.0
2015-08-22,0.0
2015-08-23,0.2
2015-08-24,0.3
2015-08-25,0.0
2015-08-26,2.2
2015-08-27,0.0
2015-08-28,1.8
2015-08-29,5.4
2015-08-30,0.0
2015-08-31,0.6
2015-09-01,0.2
2015-09-02,0.0
2015-09-03,0.0
2015-09-04,0.0
2015-09-05,0.0
2015-09-06,0.0
2015-09-07,0.0
2015-09-08,0.0
2015-09-09,22.1
2015-09-10,16.3
2015-09-11,7.7
2015-09-12,0.0
2015-09-13,49.2
2015-09-14,1.5
2015-09-15,0.6
2015-09-16,21.8
2015-09-17,0.6
2015-09-18,9.4
2015-09-19,40.3
2015-09-20,4.0
2015-09-21,0.0
2015-09-22,0.0
2015-09-23,0.0
2015-09-24,0.0
2015-09-25,0.0
2015-09-26,0.0
2015-09-27,0.0
2015-09-28,0.0
2015-09-29,0.0
2015-09-30,0.0
2015-10-01,0.0
2015-10-02,2.1
2015-10-03,24.0
2015-10-04,9.2
2015-10-05,2.4
2015-10-06,0.0
2015-10-07,0.0
2015-10-08,0.0
2015-10-09,0.0
2015-10-10,0.0
2015-10-11,9.6
2015-10-12,29.3
2015-10-13,0.0
2015-10-14,0.0
2015-10-15,0.0
2015-10-16,0.0
2015-10-17,0.0
2015-10-18,0.0
2015-10-19,0.0
2015-10-20,0.0
2015-10-21,0.0
2015-10-22,0.0
2015-10-23,0.0
2015-10-24,0.0
2015-10-25,0.0
2015-10-26,0.0
2015-10-27,0.1
2015-10-28,0.0
2015-10-29,0.0
2015-10-30,0.0
2015-10-31,0.0
2016-05-01,0.0
2016-05-02,0.0
2016-05-03,0.0
2016-05-04,0.0
2016-05-05,0.0
2016-05-06,0.0
2016-05-07,0.0
2016-05-08,0.0
2016-05-09,0.0
2016-05-10,1.8
2016-05-11,0.0
2016-05-12,3.7
2016-05-13,0.0
2016-05-14,1.0
2016-05-15,0.0
2016-05-16,0.0
2016-05-17,0.0
2016-05-18,0.0
2016-05-19,0.0
2016-05-20,0.0
2016-05-21,0.0
2016-05-22,0.0
2016-05-23,0.0
2016-05-24,0.0
2016-05-25,0.0
2016-05-26,0.0
2016-05-27,0.0
2016-05-28,0.0
2016-05-29,0.0
2016-05-30,0.0
2016-05-31,0.0
2016-06-01,0.0
2016-06-02,4.0
2016-06-03,0.0
2016-06-04,0.2
2016-06-05,16.5
2016-06-06,14.5
2016-06-07,0.0
2016-06-08,0.0
2016-06-09,0.0
2016-06-10,0.0
2016-06-11,0.0
2016-06-12,0.0
2016-06-13,0.0
2016-06-14,0.0
2016-06-15,0.0
2016-06-16,0.0
2016-06-17,0.0
2016-06-18,0.0
2016-06-19,0.0
2016-06-20,1.7
2016-06-21,2.1
2016-06-22,2.2
2016-06-23,0.0
2016-06-24,4.7
2016-06-25,0.1
2016-06-26,2.1
2016-06-27,5.1
2016-06-28,0.2
2016-06-29,5.5
2016-06-30,0.1
2016-07-01,0.2
2016-07-02,12.0
2016-07-03,73.5
2016-07-04,42.9
2016-07-05,10.1
2016-07-06,5.1
2016-07-07,1.9
2016-07-08,3.5
2016-07-09,8.1
2016-07-10,17.5
2016-07-11,16.1
2016-07-12,13.0
2016-07-13,3.6
2016-07-14,1.3
2016-07-15,0.6
2016-07-16,0.5
2016-07-17,0.0
2016-07-18,0.8
2016-07-19,0.7
2016-07-20,0.6
2016-07-21,2.4
2016-07-22,0.0
2016-07-23,2.3
2016-07-24,0.0
2016-07-25,0.0
2016-07-26,0.0
2016-07-27,0.6
2016-07-28,0.2
2016-07-29,1.3
2016-07-30,2.0
2016-07-31,2.5
2016-08-01,6.0
2016-08-02,15.3
2016-08-03,39.6
2016-08-04,74.6
2016-08-05,2.9
2016-08-06,45.8
2016-08-07,1.7
2016-08-08,8.6
2016-08-09,4.5
2016-08-10,8.2
2016-08-11,7.7
2016-08-12,2.2
2016-08-13,0.0
2016-08-14,0.1
2016-08-15,0.0
2016-08-16,0.0
2016-08-17,0.0
2016-08-18,0.0
2016-08-19,0.1
2016-08-20,0.0
2016-08-21,0.0
2016-08-22,0.4
2016-08-23,1.8
2016-08-24,6.9
2016-08-25,3.4
2016-08-26,0.0
2016-08-27,0.4
2016-08-28,0.0
2016-08-29,0.3
2016-08-30,0.0
2016-08-31,0.0
2016-09-01,0.0
2016-09-02,0.4
2016-09-03,0.0
2016-09-04,1.4
2016-09-05,0.0
2016-09-06,0.0
2016-09-07,0.0
2016-09-08,0.1
2016-09-09,0.0
2016-09-10,0.0
2016-09-11,0.0
2016-09-12,0.0
2016-09-13,0.0
2016-09-14,0.0
2016-09-15,4.3
2016-09-16,2.8
2016-09-17,10.1
2016-09-18,16.0
2016-09-19,3.3
2016-09-20,0.3
2016-09-21,2.6
2016-09-22,4.1
2016-09-23,2.2
2016-09-24,2.9
2016-09-25,2.1
2016-09-26,0.0
2016-09-27,0.0
2016-09-28,0.0
2016-09-29,5.0
2016-09-30,0.0
2016-10-01,0.0
2016-10-02,31.6
2016-10-03,1.2
2016-10-04,0.9
2016-10-05,0.0
2016-10-06,0.7
2016-10-07,0.0
2016-10-08,0.0
2016-10-09,0.0
2016-10-10,11.9
2016-10-11,27.1
2016-10-12,7.0
2016-10-13,0.0
2016-10-14,0.0
2016-10-15,0.0
2016-10-16,0.0
2016-10-17,0.0
2016-10-18,0.0
2016-10-19,0.0
2016-10-20,0.0
2016-10-21,0.0
2016-10-22,0.0
2016-10-23,0.0
2016-10-24,0.0
2016-10-25,0.0
2016-10-26,0.0
2016-10-27,0.0
2016-10-28,0.0
2016-10-29,0.0
2016-10-30,0.0
2016-10-31,0.0
2017-05-01,0.0
2017-05-02,0.0
2017-05-03,0.0
2017-05-04,0.0
2017-05-05,0.0
2017-05-06,0.0
2017-05-07,0.0
2017-05-08,0.2
2017-05-09,0.0
2017-05-10,0.0
2017-05-11,0.0
2017-05-12,0.0
2017-05-13,1.7
2017-05-14,4.6
2017-05-15,0.0
2017-05-16,0.0
2017-05-17,0.0
2017-05-18,0.0
2017-05-19,0.0
2017-05-20,0.0
2017-05-21,0.0
2017-05-22,0.0
2017-05-23,0.0
2017-05-24,0.0
2017-05-25,0.0
2017-05-26,0.0
2017-05-27,0.0
2017-05-28,0.0
2017-05-29,0.0
2017-05-30,0.6
2017-05-31,0.4
2017-06-01,0.0
2017-06-02,4.2
2017-06-03,0.0
2017-06-04,0.0
2017-06-05,0.0
2017-06-06,0.0
2017-06-07,0.0
2017-06-08,0.0
2017-06-09,0.0
2017-06-10,0.0
2017-06-11,0.0
2017-06-12,0.0
2017-06-13,27.7
2017-06-14,0.0
2017-06-15,56.2
2017-06-16,3.8
2017-06-17,28.8
2017-06-18,43.4
2017-06-19,0.0
2017-06-20,0.1
2017-06-21,0.0
2017-06-22,0.1
2017-06-23,0.7
2017-06-24,0.8
2017-06-25,2.9
2017-06-26,9.1
2017-06-27,6.9
2017-06-28,3.8
2017-06-29,2.3
2017-06-30,17.0
2017-07-01,5.1
2017-07-02,1.4
2017-07-03,7.9
2017-07-04,0.2
2017-07-05,0.6
2017-07-06,0.0
2017-07-07,0.7
2017-07-08,2.6
2017-07-09,0.0
2017-07-10,0.0
2017-07-11,0.0
2017-07-12,0.9
2017-07-13,0.2
2017-07-14,26.0
2017-07-15,25.2
2017-07-16,6.7
2017-07-17,5.9
2017-07-18,19.9
2017-07-19,2.8
2017-07-20,10.8
2017-07-21,21.0
2017-07-22,18.4
2017-07-23,10.1
2017-07-24,6.1
2017-07-25,4.6
2017-07-26,0.5
2017-07-27,4.0
2017-07-28,7.9
2017-07-29,2.2
2017-07-30,1.9
2017-07-31,0.6
2017-08-01,1.0
2017-08-02,0.4
2017-08-03,0.9
2017-08-04,1.9
2017-08-05,0.0
2017-08-06,0.4
2017-08-07,0.0
2017-08-08,0.0
2017-08-09,0.0
2017-08-10,0.8
2017-08-11,0.8
2017-08-12,0.4
2017-08-13,0.0
2017-08-14,0.0
2017-08-15,0.0
2017-08-16,0.0
2017-08-17,0.0
2017-08-18,0.2
2017-08-19,3.4
2017-08-20,29.4
2017-08-21,59.9
2017-08-22,1.5
2017-08-23,0.2
2017-08-24,0.0
2017-08-25,0.5
2017-08-26,3.2
2017-08-27,8.2
2017-08-28,22.6
2017-08-29,18.8
2017-08-30,1.9
2017-08-31,5.8
2017-09-01,0.0
2017-09-02,0.3
2017-09-03,0.0
2017-09-04,0.0
2017-09-05,0.0
2017-09-06,0.0
2017-09-07,0.0
2017-09-08,22.1
2017-09-09,0.9
2017-09-10,0.0
2017-09-11,7.8
2017-09-12,2.1
2017-09-13,0.9
2017-09-14,4.8
2017-09-15,1.9
2017-09-16,16.1
2017-09-17,0.4
2017-09-18,0.0
2017-09-19,9.0
2017-09-20,30.1
2017-09-21,17.6
2017-09-22,12.5
2017-09-23,0.0
2017-09-24,0.0
2017-09-25,0.0
2017-09-26,0.0
2017-09-27,14.3
2017-09-28,0.0
2017-09-29,0.3
2017-09-30,10.6
2017-10-01,0.0
2017-10-02,0.0
2017-10-03,0.0
2017-10-04,0.0
2017-10-05,0.0
2017-10-06,0.0
2017-10-07,2.2
2017-10-08,7.0
2017-10-09,8.9
2017-10-10,0.0
2017-10-11,5.2
2017-10-12,9.1
2017-10-13,3.6
2017-10-14,101.3
2017-10-15,19.7
2017-10-16,4.4
2017-10-17,0.0
2017-10-18,0.0
2017-10-19,0.0
2017-10-20,0.0
2017-10-21,0.0
2017-10-22,0.0
2017-10-23,19.2
2017-10-24,0.0
2017-10-25,0.0
2017-10-26,0.0
2017-10-27,0.0
2017-10-28,0.3
2017-10-29,0.0
2017-10-30,0.0
2017-10-31,0.0
2018-05-01,0.0
2018-05-02,0.0
2018-05-03,0.0
2018-05-04,0.0
2018-05-05,0.0
2018-05-06,0.0
2018-05-07,0.0
2018-05-08,0.0
2018-05-09,0.0
2018-05-10,0.0
2018-05-11,0.0
2018-05-12,0.0
2018-05-13,0.0
2018-05-14,3.7
2018-05-15,0.0
2018-05-16,0.0
2018-05-17,0.0
2018-05-18,0.0
2018-05-19,0.0
2018-05-20,0.0
2018-05-21,0.0
2018-05-22,0.0
2018-05-23,0.0
2018-05-24,0.0
2018-05-25,0.0
2018-05-26,0.0
2018-05-27,0.0
2018-05-28,0.0
2018-05-29,0.0
2018-05-30,0.0
2018-05-31,0.0
2018-06-01,0.0
2018-06-02,25.3
2018-06-03,10.8
2018-06-04,0.0
2018-06-05,0.0
2018-06-06,0.0
2018-06-07,19.0
2018-06-08,0.0
2018-06-09,5.4
2018-06-10,0.0
2018-06-11,0.8
2018-06-12,0.6
2018-06-13,0.0
2018-06-14,0.0
2018-06-15,0.0
2018-06-16,0.0
2018-06-17,0.8
2018-06-18,7.5
2018-06-19,0.0
2018-06-20,0.0
2018-06-21,0.3
2018-06-22,64.7
2018-06-23,0.1
2018-06-24,0.5
2018-06-25,0.6
2018-06-26,5.9
2018-06-27,4.5
2018-06-28,0.1
2018-06-29,1.1
2018-06-30,0.0
2018-07-01,0.0
2018-07-02,0.0
2018-07-03,2.1
2018-07-04,1.1
2018-07-05,31.5
2018-07-06,4.5
2018-07-07,1.4
2018-07-08,8.6
2018-07-09,0.0
2018-07-10,4.8
2018-07-11,4.3
2018-07-12,2.3
2018-07-13,4.3
2018-07-14,1.5
2018-07-15,9.9
2018-07-16,26.6
2018-07-17,46.9
2018-07-18,5.6
2018-07-19,2.0
2018-07-20,1.9
2018-07-21,6.8
2018-07-22,1.2
2018-07-23,5.7
2018-07-24,0.3
2018-07-25,1.1
2018-07-26,0.7
2018-07-27,0.3
2018-07-28,0.0
2018-07-29,0.0
2018-07-30,0.0
2018-07-31,0.2
2018-08-01,0.2
2018-08-02,0.8
2018-08-03,3.1
2018-08-04,0.1
2018-08-05,4.1
2018-08-06,0.2
2018-08-07,0.7
2018-08-08,0.2
2018-08-09,1.5
2018-08-10,0.3
2018-08-11,0.4
2018-08-12,3.3
2018-08-13,4.4
2018-08-14,5.0
2018-08-15,2.0
2018-08-16,0.1
2018-08-17,7.9
2018-08-18,3.1
2018-08-19,2.1
2018-08-20,6.6
2018-08-21,7.6
2018-08-22,8.7
2018-08-23,5.0
2018-08-24,0.3
2018-08-25,2.5
2018-08-26,8.1
2018-08-27,5.6
2018-08-28,2.5
2018-08-29,0.2
2018-08-30,0.2
2018-08-31,0.0
2018-09-01,0.5
2018-09-02,2.6
2018-09-03,7.1
2018-09-04,0.1
2018-09-05,0.2
2018-09-06,0.4
2018-09-07,0.0
2018-09-08,0.4
2018-09-09,0.0
2018-09-10,0.0
2018-09-11,0.0
2018-09-12,0.0
2018-09-13,0.0
2018-09-14,0.1
2018-09-15,0.0
2018-09-16,0.2
2018-09-17,0.0
2018-09-18,0.0
2018-09-19,2.4
2018-09-20,0.8
2018-09-21,11.8
2018-09-22,0.0
2018-09-23,0.0
2018-09-24,0.0
2018-09-25,0.0
2018-09-26,0.0
2018-09-27,1.6
2018-09-28,0.8
2018-09-29,1.3
2018-09-30,0.0
2018-10-01,1.3
2018-10-02,16.0
2018-10-03,3.9
2018-10-04,2.2
2018-10-05,0.0
2018-10-06,0.0
2018-10-07,0.0
2018-10-08,0.0
2018-10-09,0.0
2018-10-10,0.0
2018-10-11,0.0
2018-10-12,0.0
2018-10-13,0.0
2018-10-14,0.0
2018-10-15,0.0
2018-10-16,0.0
2018-10-17,0.0
2018-10-18,0.9
2018-10-19,4.0
2018-10-20,7.8
2018-10-21,0.0
2018-10-22,0.0
2018-10-23,0.0
2018-10-24,0.0
2018-10-25,0.0
2018-10-26,0.0
2018-10-27,0.0
2018-10-28,0.0
2018-10-29,0.0
2018-10-30,0.0
2018-10-31,0.0
2019-05-01,0.0
2019-05-02,0.0
2019-05-03,0.0
2019-05-04,0.0
2019-05-05,0.0
2019-05-06,0.0
2019-05-07,0.0
2019-05-08,0.0
2019-05-09,0.0
2019-05-10,0.0
2019-05-11,0.0
2019-05-12,0.0
2019-05-13,0.0
2019-05-14,0.0
2019-05-15,0.0
2019-05-16,0.0
2019-05-17,0.0
2019-05-18,0.0
2019-05-19,0.0
2019-05-20,0.0
2019-05-21,0.0
2019-05-22,0.0
2019-05-23,0.0
2019-05-24,0.0
2019-05-25,0.0
2019-05-26,0.0
2019-05-27,0.0
2019-05-28,0.0
2019-05-29,0.0
2019-05-30,0.0
2019-05-31,0.0
2019-06-01,0.0
2019-06-02,0.0
2019-06-03,0.0
2019-06-04,0.0
2019-06-05,0.0
2019-06-06,0.0
2019-06-07,0.0
2019-06-08,1.5
2019-06-09,0.0
2019-06-10,31.0
2019-06-11,1.7
2019-06-12,0.0
2019-06-13,4.4
2019-06-14,1.3
2019-06-15,1.6
2019-06-16,0.1
2019-06-17,0.0
2019-06-18,0.0
2019-06-19,0.3
2019-06-20,0.5
2019-06-21,0.0
2019-06-22,0.0
2019-06-23,0.0
2019-06-24,1.4
2019-06-25,4.1
2019-06-26,12.6
2019-06-27,0.7
2019-06-28,73.1
2019-06-29,59.7
2019-06-30,3.9
2019-07-01,4.7
2019-07-02,24.7
2019-07-03,1.6
2019-07-04,0.7
2019-07-05,0.5
2019-07-06,8.0
2019-07-07,48.7
2019-07-08,0.0
2019-07-09,29.3
2019-07-10,6.3
2019-07-11,31.8
2019-07-12,3.4
2019-07-13,0.9
2019-07-14,0.0
2019-07-15,3.0
2019-07-16,0.1
2019-07-17,0.0
2019-07-18,0.0
2019-07-19,0.0
2019-07-20,29.8
2019-07-21,4.5
2019-07-22,0.1
2019-07-23,0.1
2019-07-24,0.0
2019-07-25,2.5
2019-07-26,7.5
2019-07-27,78.0
2019-07-28,31.5
2019-07-29,3.8
2019-07-30,34.6
2019-07-31,13.0
2019-08-01,6.3
2019-08-02,8.8
2019-08-03,20.4
2019-08-04,45.9
2019-08-05,41.1
2019-08-06,22.1
2019-08-07,6.2
2019-08-08,6.4
2019-08-09,2.8
2019-08-10,5.2
2019-08-11,10.9
2019-08-12,1.6
2019-08-13,1.8
2019-08-14,0.6
2019-08-15,0.2
2019-08-16,1.0
2019-08-17,3.9
2019-08-18,0.2
2019-08-19,0.0
2019-08-20,0.0
2019-08-21,0.0
2019-08-22,0.2
2019-08-23,7.4
2019-08-24,1.6
2019-08-25,0.0
2019-08-26,0.0
2019-08-27,0.0
2019-08-28,3.4
2019-08-29,0.0
2019-08-30,0.0
2019-08-31,1.4
2019-09-01,0.2
2019-09-02,2.5
2019-09-03,0.5
2019-09-04,15.0
2019-09-05,2.7
2019-09-06,0.5
2019-09-07,4.6
2019-09-08,2.9
2019-09-09,3.8
2019-09-10,3.1
2019-09-11,1.4
2019-09-12,0.2
2019-09-13,2.1
2019-09-14,14.3
2019-09-15,0.2
2019-09-16,0.2
2019-09-17,0.7
2019-09-18,2.3
2019-09-19,25.9
2019-09-20,5.1
2019-09-21,0.6
2019-09-22,2.1
2019-09-23,0.0
2019-09-24,55.9
2019-09-25,87.3
2019-09-26,53.1
2019-09-27,0.5
2019-09-28,0.0
2019-09-29,0.0
2019-09-30,0.0
2019-10-01,0.0
2019-10-02,0.0
2019-10-03,0.0
2019-10-04,0.0
2019-10-05,43.8
2019-10-06,2.5
2019-10-07,14.2
2019-10-08,0.1
2019-10-09,10.2
2019-10-10,21.3
2019-10-11,6.8
2019-10-12,0.0
2019-10-13,0.0
2019-10-14,1.2
2019-10-15,0.0
2019-10-16,0.0
2019-10-17,0.0
2019-10-18,0.0
2019-10-19,1.0
2019-10-20,38.0
2019-10-21,17.4
2019-10-22,42.4
2019-10-23,13.0
2019-10-24,4.3
2019-10-25,3.8
2019-10-26,0.9
2019-10-27,1.1
2019-10-28,0.0
2019-10-29,5.5
2019-10-30,0.0
2019-10-31,7.5
2020-05-01,1.2
2020-05-02,19.7
2020-05-03,0.0
2020-05-04,0.0
2020-05-05,0.0
2020-05-06,0.0
2020-05-07,0.0
2020-05-08,0.0
2020-05-09,0.0
2020-05-10,0.0
2020-05-11,0.0
2020-05-12,0.0
2020-05-13,0.0
2020-05-14,0.0
2020-05-15,10.4
2020-05-16,0.0
2020-05-17,0.1
2020-05-18,3.4
2020-05-19,0.0
2020-05-20,0.0
2020-05-21,0.0
2020-05-22,0.0
2020-05-23,0.0
2020-05-24,0.0
2020-05-25,0.0
2020-05-26,0.0
2020-05-27,0.0
2020-05-28,0.0
2020-05-29,0.0
2020-05-30,0.0
2020-05-31,0.0
2020-06-01,2.9
2020-06-02,4.0
2020-06-03,44.1
2020-06-04,43.1
2020-06-05,7.0
2020-06-06,0.0
2020-06-07,6.7
2020-06-08,0.2
2020-06-09,0.0
2020-06-10,0.5
2020-06-11,1.4
2020-06-12,0.0
2020-06-13,0.0
2020-06-14,0.4
2020-06-15,1.7
2020-06-16,5.7
2020-06-17,0.6
2020-06-18,21.8
2020-06-19,11.5
2020-06-20,0.0
2020-06-21,0.0
2020-06-22,0.4
2020-06-23,0.0
2020-06-24,0.0
2020-06-25,0.0
2020-06-26,1.1
2020-06-27,0.0
2020-06-28,0.0
2020-06-29,0.0
2020-06-30,54.6
2020-07-01,0.0
2020-07-02,4.7
2020-07-03,0.0
2020-07-04,0.1
2020-07-05,6.6
2020-07-06,1.2
2020-07-07,6.9
2020-07-08,13.9
2020-07-09,2.7
2020-07-10,1.1
2020-07-11,1.1
2020-07-12,0.0
2020-07-13,0.0
2020-07-14,2.2
2020-07-15,0.0
2020-07-16,0.0
2020-07-17,0.1
2020-07-18,0.5
2020-07-19,0.4
2020-07-20,0.0
2020-07-21,0.0
2020-07-22,0.0
2020-07-23,1.5
2020-07-24,7.6
2020-07-25,31.5
2020-07-26,36.8
2020-07-27,0.0
2020-07-28,0.0
2020-07-29,0.0
2020-07-30,0.0
2020-07-31,0.9
2020-08-01,8.8
2020-08-02,0.0
2020-08-03,0.0
2020-08-04,13.0
2020-08-05,59.0
2020-08-06,11.4
2020-08-07,8.3
2020-08-08,1.6
2020-08-09,2.9
2020-08-10,1.3
2020-08-11,29.1
2020-08-12,0.9
2020-08-13,7.5
2020-08-14,18.5
2020-08-15,21.3
2020-08-16,18.9
2020-08-17,7.6
2020-08-18,2.7
2020-08-19,2.5
2020-08-20,1.5
2020-08-21,14.6
2020-08-22,2.6
2020-08-23,1.0
2020-08-24,0.7
2020-08-25,3.1
2020-08-26,0.0
2020-08-27,0.9
2020-08-28,0.3
2020-08-29,4.9
2020-08-30,8.1
2020-08-31,2.7
2020-09-01,0.3
2020-09-02,0.2
2020-09-03,0.0
2020-09-04,0.0
2020-09-05,0.0
2020-09-06,23.1
2020-09-07,20.7
2020-09-08,0.3
2020-09-09,1.2
2020-09-10,39.0
2020-09-11,2.7
2020-09-12,38.2
2020-09-13,5.8
2020-09-14,0.4
2020-09-15,0.0
2020-09-16,0.0
2020-09-17,0.7
2020-09-18,0.0
2020-09-19,0.0
2020-09-20,14.1
2020-09-21,10.9
2020-09-22,26.3
2020-09-23,0.0
2020-09-24,0.3
2020-09-25,3.5
2020-09-26,10.3
2020-09-27,0.0
2020-09-28,0.0
2020-09-29,0.0
2020-09-30,0.0
2020-10-01,0.0
2020-10-02,0.0
2020-10-03,0.0
2020-10-04,0.8
2020-10-05,0.0
2020-10-06,0.2
2020-10-07,0.0
2020-10-08,0.0
2020-10-09,0.0
2020-10-10,0.0
2020-10-11,23.6
2020-10-12,2.4
2020-10-13,16.2
2020-10-14,5.9
2020-10-15,112.1
2020-10-16,7.1
2020-10-17,0.0
2020-10-18,8.8
2020-10-19,32.6
2020-10-20,15.0
2020-10-21,48.4
2020-10-22,3.3
2020-10-23,2.1
2020-10-24,0.0
2020-10-25,28.0
2020-10-26,6.8
2020-10-27,0.0
2020-10-28,0.0
2020-10-29,0.0
2020-10-30,0.0
2020-10-31,0.0
2021-05-01,0.3
2021-05-02,0.0
2021-05-03,27.0
2021-05-04,1.0
2021-05-05,0.0
2021-05-06,0.0
2021-05-07,0.2
2021-05-08,0.0
2021-05-09,0.9
2021-05-10,0.0
2021-05-11,0.0
2021-05-12,0.0
2021-05-13,0.0
2021-05-14,0.0
2021-05-15,1.3
2021-05-16,4.1
2021-05-17,8.2
2021-05-18,3.2
2021-05-19,0.0
2021-05-20,7.8
2021-05-21,0.0
2021-05-22,8.4
2021-05-23,0.0
2021-05-24,1.1
2021-05-25,0.0
2021-05-26,0.0
2021-05-27,0.0
2021-05-28,0.0
2021-05-29,0.0
2021-05-30,25.3
2021-05-31,0.0
2021-06-01,16.6
2021-06-02,1.0
2021-06-03,1.8
2021-06-04,0.0
2021-06-05,6.3
2021-06-06,24.5
2021-06-07,0.0
2021-06-08,0.0
2021-06-09,0.1
2021-06-10,3.6
2021-06-11,1.3
2021-06-12,0.2
2021-06-13,1.5
2021-06-14,0.5
2021-06-15,0.0
2021-06-16,3.6
2021-06-17,3.9
2021-06-18,15.6
2021-06-19,38.7
2021-06-20,7.2
2021-06-21,2.6
2021-06-22,0.7
2021-06-23,0.0
2021-06-24,0.0
2021-06-25,0.0
2021-06-26,2.0
2021-06-27,0.0
2021-06-28,2.6
2021-06-29,18.2
2021-06-30,0.0
2021-07-01,0.0
2021-07-02,0.4
2021-07-03,0.0
2021-07-04,0.0
2021-07-05,0.0
2021-07-06,10.1
2021-07-07,0.0
2021-07-08,0.0
2021-07-09,3.7
2021-07-10,0.4
2021-07-11,0.0
2021-07-12,0.3
2021-07-13,2.3
2021-07-14,3.1
2021-07-15,1.0
2021-07-16,1.3
2021-07-17,3.1
2021-07-18,0.5
2021-07-19,11.7
2021-07-20,11.7
2021-07-21,4.3
2021-07-22,17.4
2021-07-23,5.6
2021-07-24,80.3
2021-07-25,6.5
2021-07-26,9.7
2021-07-27,6.6
2021-07-28,3.9
2021-07-29,0.9
2021-07-30,4.5
2021-07-31,3.7
2021-08-01,0.4
2021-08-02,2.0
2021-08-03,4.8
2021-08-04,2.3
2021-08-05,3.7
2021-08-06,0.3
2021-08-07,0.0
2021-08-08,0.1
2021-08-09,0.0
2021-08-10,0.0
2021-08-11,0.9
2021-08-12,0.0
2021-08-13,2.4
2021-08-14,0.5
2021-08-15,5.2
2021-08-16,1.4
2021-08-17,1.1
2021-08-18,2.6
2021-08-19,1.2
2021-08-20,0.8
2021-08-21,5.5
2021-08-22,2.5
2021-08-23,0.2
2021-08-24,0.0
2021-08-25,0.0
2021-08-26,0.0
2021-08-27,0.7
2021-08-28,0.0
2021-08-29,0.0
2021-08-30,0.0
2021-08-31,2.0
2021-09-01,1.7
2021-09-02,0.2
2021-09-03,0.0
2021-09-04,0.0
2021-09-05,15.6
2021-09-06,1.8
2021-09-07,19.8
2021-09-08,1.9
2021-09-09,1.8
2021-09-10,8.5
2021-09-11,3.1
2021-09-12,9.1
2021-09-13,4.8
2021-09-14,3.7
2021-09-15,0.9
2021-09-16,0.3
2021-09-17,0.0
2021-09-18,0.0
2021-09-19,0.0
2021-09-20,0.0
2021-09-21,0.0
2021-09-22,1.0
2021-09-23,2.6
2021-09-24,0.4
2021-09-25,0.2
2021-09-26,0.0
2021-09-27,1.4
2021-09-28,0.2
2021-09-29,2.3
2021-09-30,2.3
2021-10-01,0.5
2021-10-02,19.5
2021-10-03,0.0
2021-10-04,18.6
2021-10-05,29.8
2021-10-06,0.1
2021-10-07,15.9
2021-10-08,0.1
2021-10-09,0.0
2021-10-10,55.3
2021-10-11,0.4
2021-10-12,0.0
2021-10-13,0.0
2021-10-14,0.0
2021-10-15,0.0
2021-10-16,0.0
2021-10-17,0.0
2021-10-18,0.0
2021-10-19,0.0
2021-10-20,0.0
2021-10-21,0.0
2021-10-22,0.0
2021-10-23,0.0
2021-10-24,0.0
2021-10-25,0.0
2021-10-26,0.0
2021-10-27,0.0
2021-10-28,0.0
2021-10-29,0.0
2021-10-30,0.0
2021-10-31,0.0
2022-05-01,0.0
2022-05-02,0.0
2022-05-03,0.0
2022-05-04,0.0
2022-05-05,0.0
2022-05-06,0.0
2022-05-07,0.0
2022-05-08,0.0
2022-05-09,0.0
2022-05-10,0.0
2022-05-11,0.0
2022-05-12,0.0
2022-05-13,0.0
2022-05-14,0.0
2022-05-15,0.0
2022-05-16,0.0
2022-05-17,0.0
2022-05-18,0.0
2022-05-19,0.0
2022-05-20,0.7
2022-05-21,0.0
2022-05-22,0.0
2022-05-23,0.0
2022-05-24,0.0
2022-05-25,0.0
2022-05-26,0.0
2022-05-27,0.0
2022-05-28,0.0
2022-05-29,0.0
2022-05-30,0.0
2022-05-31,0.0
2022-06-01,0.0
2022-06-02,0.0
2022-06-03,0.0
2022-06-04,0.0
2022-06-05,0.0
2022-06-06,0.0
2022-06-07,0.0
2022-06-08,0.0
2022-06-09,0.0
2022-06-10,0.3
2022-06-11,25.6
2022-06-12,2.1
2022-06-13,0.0
2022-06-14,0.0
2022-06-15,0.0
2022-06-16,0.0
2022-06-17,0.0
2022-06-18,0.0
2022-06-19,0.0
2022-06-20,0.0
2022-06-21,1.3
2022-06-22,0.0
2022-06-23,2.4
2022-06-24,1.6
2022-06-25,0.4
2022-06-26,0.0
2022-06-27,0.1
2022-06-28,1.0
2022-06-29,0.2
2022-06-30,0.0
2022-07-01,7.8
2022-07-02,4.8
2022-07-03,3.4
2022-07-04,3.4
2022-07-05,8.2
2022-07-06,19.6
2022-07-07,16.3
2022-07-08,13.9
2022-07-09,11.2
2022-07-10,20.0
2022-07-11,22.1
2022-07-12,46.0
2022-07-13,49.0
2022-07-14,53.6
2022-07-15,14.5
2022-07-16,8.1
2022-07-17,3.9
2022-07-18,1.6
2022-07-19,3.8
2022-07-20,0.2
2022-07-21,0.1
2022-07-22,1.2
2022-07-23,0.0
2022-07-24,5.3
2022-07-25,0.9
2022-07-26,4.0
2022-07-27,1.0
2022-07-28,50.4
2022-07-29,3.3
2022-07-30,8.6
2022-07-31,0.0
2022-08-01,0.0
2022-08-02,0.0
2022-08-03,0.0
2022-08-04,4.0
2022-08-05,8.2
2022-08-06,15.9
2022-08-07,1.2
2022-08-08,36.8
2022-08-09,13.8
2022-08-10,23.2
2022-08-11,16.1
2022-08-12,3.6
2022-08-13,5.6
2022-08-14,2.2
2022-08-15,1.8
2022-08-16,9.1
2022-08-17,0.9
2022-08-18,1.3
2022-08-19,3.0
2022-08-20,0.5
2022-08-21,0.6
2022-08-22,0.5
2022-08-23,1.6
2022-08-24,1.4
2022-08-25,2.0
2022-08-26,0.0
2022-08-27,0.0
2022-08-28,0.0
2022-08-29,0.0
2022-08-30,0.0
2022-08-31,10.9
2022-09-01,13.0
2022-09-02,0.2
2022-09-03,0.1
2022-09-04,9.4
2022-09-05,0.0
2022-09-06,0.0
2022-09-07,18.1
2022-09-08,47.8
2022-09-09,1.3
2022-09-10,0.0
2022-09-11,0.1
2022-09-12,38.7
2022-09-13,6.8
2022-09-14,9.4
2022-09-15,4.3
2022-09-16,14.8
2022-09-17,31.0
2022-09-18,1.5
2022-09-19,0.8
2022-09-20,4.8
2022-09-21,1.7
2022-09-22,0.0
2022-09-23,0.0
2022-09-24,0.0
2022-09-25,0.5
2022-09-26,0.0
2022-09-27,0.3
2022-09-28,0.3
2022-09-29,0.6
2022-09-30,26.5
2022-10-01,44.9
2022-10-02,0.0
2022-10-03,0.0
2022-10-04,0.0
2022-10-05,8.7
2022-10-06,4.9
2022-10-07,3.4
2022-10-08,0.2
2022-10-09,0.0
2022-10-10,0.0
2022-10-11,10.7
2022-10-12,4.8
2022-10-13,0.0
2022-10-14,0.8
2022-10-15,78.2
2022-10-16,0.0
2022-10-17,2.7
2022-10-18,104.6
2022-10-19,7.4
2022-10-20,13.8
2022-10-21,18.2
2022-10-22,0.2
2022-10-23,0.0
2022-10-24,0.0
2022-10-25,0.0
2022-10-26,0.0
2022-10-27,0.0
2022-10-28,0.0
2022-10-29,0.0
2022-10-30,0.0
2022-10-31,0.0
2023-05-01,0.0
2023-05-02,0.0
2023-05-03,0.0
2023-05-04,4.5
2023-05-05,0.0
2023-05-06,0.0
2023-05-07,0.6
2023-05-08,0.1
2023-05-09,9.2
2023-05-10,0.0
2023-05-11,0.0
2023-05-12,0.0
2023-05-13,0.0
2023-05-14,0.0
2023-05-15,0.0
2023-05-16,0.0
2023-05-17,0.0
2023-05-18,0.0
2023-05-19,0.0
2023-05-20,0.0
2023-05-21,0.0
2023-05-22,0.0
2023-05-23,0.0
2023-05-24,0.0
2023-05-25,0.0
2023-05-26,0.0
2023-05-27,0.0
2023-05-28,0.0
2023-05-29,0.0
2023-05-30,5.0
2023-05-31,0.0
2023-06-01,0.0
2023-06-02,7.1
2023-06-03,0.0
2023-06-04,0.0
2023-06-05,13.3
2023-06-06,0.0
2023-06-07,0.0
2023-06-08,0.0
2023-06-09,0.0
2023-06-10,0.0
2023-06-11,0.0
2023-06-12,0.0
2023-06-13,0.0
2023-06-14,0.0
2023-06-15,0.0
2023-06-16,0.0
2023-06-17,0.2
2023-06-18,0.1
2023-06-19,0.0
2023-06-20,0.0
2023-06-21,0.0
2023-06-22,0.0
2023-06-23,0.0
2023-06-24,0.0
2023-06-25,14.2
2023-06-26,10.8
2023-06-27,7.0
2023-06-28,15.0
2023-06-29,10.3
2023-06-30,5.9
2023-07-01,20.4
2023-07-02,3.0
2023-07-03,7.9
2023-07-04,0.3
2023-07-05,0.3
2023-07-06,4.3
2023-07-07,0.3
2023-07-08,2.7
2023-07-09,1.2
2023-07-10,0.5
2023-07-11,2.3
2023-07-12,0.0
2023-07-13,0.01
2023-07-14,1.2
2023-07-15,1.3
2023-07-16,1.9
2023-07-17,1.8
2023-07-18,4.6
2023-07-19,6.4
2023-07-20,17.6
2023-07-21,1.5
2023-07-22,7.4
2023-07-23,6.8
2023-07-24,13.2
2023-07-25,9.1
2023-07-26,10.7
2023-07-27,5.4
2023-07-28,10.7
2023-07-29,6.2
2023-07-30,2.5
2023-07-31,3.0
2023-08-01,4.6
2023-08-02,1.6
2023-08-03,0.5
2023-08-04,3.4
2023-08-05,3.3
2023-08-06,1.6
2023-08-07,0.7
2023-08-08,0.1
2023-08-09,0.8
2023-08-10,0.3
2023-08-11,0.0
2023-08-12,0.0
2023-08-13,1.3
2023-08-14,0.0
2023-08-15,0.5
2023-08-16,0.5
2023-08-17,0.1
2023-08-18,1.1
2023-08-19,1.1
2023-08-20,1.8
2023-08-21,3.5
2023-08-22,0.0
2023-08-23,2.9
2023-08-24,0.0
2023-08-25,1.7
2023-08-26,4.1
2023-08-27,6.0
2023-08-28,0.0
2023-08-29,0.6
2023-08-30,0.0
2023-08-31,0.0
2023-09-01,0.0
2023-09-02,19.6
2023-09-03,7.9
2023-09-04,0.0
2023-09-05,0.0
2023-09-06,0.0
2023-09-07,0.0
2023-09-08,10.5
2023-09-09,11.8
2023-09-10,0.0
2023-09-11,0.0
2023-09-12,0.0
2023-09-13,0.0
2023-09-14,0.0
2023-09-15,0.0
2023-09-16,0.0
2023-09-17,0.9
2023-09-18,1.7
2023-09-19,1.8
2023-09-20,0.0
2023-09-21,0.1
2023-09-22,3.6
2023-09-23,9.3
2023-09-24,25.6
2023-09-25,7.1
2023-09-26,0.0
2023-09-27,37.9
2023-09-28,6.0
2023-09-29,4.8
2023-09-30,17.1
2023-10-01,11.7
2023-10-02,5.0
2023-10-03,0.0
2023-10-04,0.0
2023-10-05,0.0
2023-10-06,0.0
2023-10-07,0.0
2023-10-08,0.0
2023-10-09,0.0
2023-10-10,0.0
2023-10-11,0.0
2023-10-12,0.0
2023-10-13,0.0
2023-10-14,0.0
2023-10-15,0.0
2023-10-16,0.0
2023-10-17,0.0
2023-10-18,0.0
2023-10-19,1.0
2023-10-20,0.9
2023-10-21,0.0
2023-10-22,0.0
2023-10-23,0.0
2023-10-24,0.0
2023-10-25,0.0
2023-10-26,0.0
2023-10-27,0.0
2023-10-28,0.0
2023-10-29,0.0
2023-10-30,0.0
2023-10-31,0.0
2024-05-01,0.0
2024-05-02,0.0
2024-05-03,0.0
2024-05-04,0.0
2024-05-05,0.0
2024-05-06,0.0
2024-05-07,0.0
2024-05-08,0.0
2024-05-09,0.0
2024-05-10,0.5
2024-05-11,28.2
2024-05-12,40.6
2024-05-13,0.1
2024-05-14,2.9
2024-05-15,0.0
2024-05-16,12.8
2024-05-17,3.5
2024-05-18,0.0
2024-05-19,0.0
2024-05-20,6.2
2024-05-21,0.2
2024-05-22,0.0
2024-05-23,0.0
2024-05-24,0.0
2024-05-25,0.0
2024-05-26,0.0
2024-05-27,0.0
2024-05-28,0.0
2024-05-29,0.0
2024-05-30,0.0
2024-05-31,0.0
2024-06-01,0.0
2024-06-02,0.0
2024-06-03,0.0
2024-06-04,0.0
2024-06-05,68.3
2024-06-06,9.4
2024-06-07,14.3
2024-06-08,0.1
2024-06-09,117.1
2024-06-10,12.6
2024-06-11,7.7
2024-06-12,0.0
2024-06-13,1.4
2024-06-14,0.0
2024-06-15,0.1
2024-06-16,0.5
2024-06-17,5.1
2024-06-18,0.8
2024-06-19,0.1
2024-06-20,0.0
2024-06-21,5.6
2024-06-22,0.8
2024-06-23,0.0
2024-06-24,0.5
2024-06-25,0.2
2024-06-26,0.5
2024-06-27,0.6
2024-06-28,1.0
2024-06-29,5.2
2024-06-30,0.1
2024-07-01,1.9
2024-07-02,3.7
2024-07-03,12.6
2024-07-04,0.2
2024-07-05,0.8
2024-07-06,1.4
2024-07-07,1.6
2024-07-08,0.01
2024-07-09,15.7
2024-07-10,0.0
2024-07-11,0.01
2024-07-12,2.2
2024-07-13,10.5
2024-07-14,37.0
2024-07-15,16.6
2024-07-16,0.4
2024-07-17,0.01
2024-07-18,5.6
2024-07-19,2.4
2024-07-20,2.6
2024-07-21,3.0
2024-07-22,4.6
2024-07-23,11.1
2024-07-24,39.9
2024-07-25,114.1
2024-07-26,56.2
2024-07-27,1.8
2024-07-28,3.2
2024-07-29,8.6
2024-07-30,7.0
2024-07-31,29.3
2024-08-01,1.9
2024-08-02,11.0
2024-08-03,16.4
2024-08-04,16.2
2024-08-05,38.7
2024-08-06,4.7
2024-08-07,0.0
2024-08-08,1.7
2024-08-09,3.9
2024-08-10,0.8
2024-08-11,0.4
2024-08-12,2.8
2024-08-13,0.7
2024-08-14,0.0
2024-08-15,0.0
2024-08-16,0.0
2024-08-17,0.0
2024-08-18,35.0
2024-08-19,38.2
2024-08-20,12.4
2024-08-21,0.6
2024-08-22,1.8
2024-08-23,6.6
2024-08-24,10.0
2024-08-25,33.6
2024-08-26,12.4
2024-08-27,15.0
2024-08-28,6.4
2024-08-29,1.2
2024-08-30,1.3
2024-08-31,5.6
2024-09-01,0.9
2024-09-02,2.1
2024-09-03,1.0
2024-09-04,0.01
2024-09-05,5.6
2024-09-06,6.0
2024-09-07,0.4
2024-09-08,0.4
2024-09-09,1.6
2024-09-10,0.4
2024-09-11,2.1
2024-09-12,0.3
2024-09-13,0.2
2024-09-14,0.1
2024-09-15,0.01
2024-09-16,0.0
2024-09-17,0.0
2024-09-18,0.0
2024-09-19,0.0
2024-09-20,0.0
2024-09-21,0.0
2024-09-22,0.4
2024-09-23,17.3
2024-09-24,4.6
2024-09-25,19.8
2024-09-26,133.0
2024-09-27,5.9
2024-09-28,3.9
2024-09-29,1.8
2024-09-30,0.0
2024-10-01,0.0
2024-10-02,0.0
2024-10-03,2.4
2024-10-04,0.0
2024-10-05,0.0
2024-10-06,0.0
2024-10-07,0.0
2024-10-08,0.0
2024-10-09,0.0
2024-10-10,1.9
2024-10-11,0.0
2024-10-12,22.6
2024-10-13,0.1
2024-10-14,0.0
2024-10-15,0.0
2024-10-16,4.6
2024-10-17,2.4
2024-10-18,0.2
2024-10-19,0.0
2024-10-20,19.7
2024-10-21,1.4
2024-10-22,0.0
2024-10-23,5.9
2024-10-24,0.0
2024-10-25,0.0
2024-10-26,0.0
2024-10-27,0.0
2024-10-28,0.0
2024-10-29,0.0
2024-10-30,0.0
2024-10-31,0.0
2025-05-01,0.0
2025-05-02,0.0
2025-05-03,0.0
2025-05-04,0.0
2025-05-05,0.0
2025-05-06,0.0
2025-05-07,0.0
2025-05-08,0.01
2025-05-09,0.0
2025-05-10,11.2
2025-05-11,0.0
2025-05-12,0.01
2025-05-13,2.5
2025-05-14,18.7
2025-05-15,0.0
2025-05-16,0.6
2025-05-17,20.2
2025-05-18,0.0
2025-05-19,14.5
2025-05-20,8.7
2025-05-21,40.8
2025-05-22,8.0
2025-05-23,10.4
2025-05-24,7.6
2025-05-25,19.7
2025-05-26,22.9
2025-05-27,42.1
2025-05-28,15.7
2025-05-29,7.2
2025-05-30,0.0
2025-05-31,0.0
2025-06-01,0.0
2025-06-02,1.2
2025-06-03,0.0
2025-06-04,0.0
2025-06-05,16.7
2025-06-06,0.0
2025-06-07,15.2
2025-06-08,5.0
2025-06-09,0.0
2025-06-10,0.0
2025-06-11,0.0
2025-06-12,5.3
2025-06-13,25.8
2025-06-14,63.4
2025-06-15,0.3
2025-06-16,30.6
2025-06-17,9.4
2025-06-18,6.0
2025-06-19,31.3
2025-06-20,25.4
2025-06-21,2.6
2025-06-22,2.9
2025-06-23,0.6
2025-06-24,18.1
2025-06-25,0.01
2025-06-26,0.4
2025-06-27,0.9
2025-06-28,1.5
2025-06-29,2.9
2025-06-30,2.0
2025-07-01,3.7
2025-07-02,5.9
2025-07-03,13.5
2025-07-04,1.6
2025-07-05,3.0
2025-07-06,5.9
2025-07-07,8.9
2025-07-08,0.7
2025-07-09,0.4
2025-07-10,18.7
2025-07-11,0.1
2025-07-12,6.6
2025-07-13,0.01
2025-07-14,0.5
2025-07-15,6.9
2025-07-16,8.3
2025-07-17,0.0
2025-07-18,0.0
2025-07-19,0.0
2025-07-20,0.01
2025-07-21,0.5
2025-07-22,0.01
2025-07-23,3.5
2025-07-24,1.9
2025-07-25,6.5
2025-07-26,13.1
2025-07-27,8.2
2025-07-28,6.0
2025-07-29,2.1
2025-07-30,2.8
2025-07-31,1.0
2025-08-01,2.6
2025-08-02,0.2
2025-08-03,1.1
2025-08-04,0.0
2025-08-05,0.0
2025-08-06,0.0
2025-08-07,0.0
2025-08-08,0.2
2025-08-09,1.2
2025-08-10,2.3
2025-08-11,0.01
2025-08-12,0.3
2025-08-13,0.01
2025-08-14,0.0
2025-08-15,0.01
2025-08-16,0.1
2025-08-17,2.7
2025-08-18,1.0
2025-08-19,35.2
2025-08-20,60.8
2025-08-21,4.0
2025-08-22,1.3
2025-08-23,2.7
2025-08-24,3.0
2025-08-25,0.2
2025-08-26,1.0
2025-08-27,0.3
2025-08-28,1.6
2025-08-29,10.6
2025-08-30,2.2
2025-08-31,0.1
2025-09-01,1.0
2025-09-02,0.3
2025-09-03,0.2
2025-09-04,0.01
2025-09-05,0.01
2025-09-06,0.2
2025-09-07,0.01
2025-09-08,4.7
2025-09-09,0.2
2025-09-10,0.0
2025-09-11,0.0
2025-09-12,0.0
2025-09-13,18.0
2025-09-14,8.2
2025-09-15,60.0
2025-09-16,4.7
2025-09-17,42.6
2025-09-18,0.1
2025-09-19,97.4
2025-09-20,0.1
2025-09-21,0.0
2025-09-22,0.01
2025-09-23,15.6
2025-09-24,0.1
2025-09-25,0.0
2025-09-26,6.2
2025-09-27,14.4
2025-09-28,36.9
2025-09-29,5.3
2025-09-30,0.5
2025-10-01,0.2
2025-10-02,0.0
2025-10-03,0.01
2025-10-04,0.01
2025-10-05,0.0
2025-10-06,0.0
2025-10-07,0.0
2025-10-08,0.0
2025-10-09,12.2
2025-10-10,0.0
2025-10-11,0.0
2025-10-12,0.0
2025-10-13,0.0
2025-10-14,0.0
2025-10-15,0.0
2025-10-16,0.3
2025-10-17,0.0
2025-10-18,0.0
2025-10-19,0.0
2025-10-20,0.0
2025-10-21,0.0
2025-10-22,0.7
2025-10-23,0.0
2025-10-24,18.3
2025-10-25,0.0
2025-10-26,0.0
2025-10-27,12.7
2025-10-28,2.5
2025-10-29,0.0
2025-10-30,20.1
2025-10-31,0.3
2026-05-01,0.0
2026-05-02,0.0
2026-05-03,0.0
2026-05-04,0.0
2026-05-05,0.0
2026-05-06,0.0
2026-05-07,0.0
2026-05-08,0.0
2026-05-09,0.0
2026-05-10,0.0
2026-05-11,0.0
2026-05-12,0.0
2026-05-13,0.0
2026-05-14,0.0
2026-05-15,0.0
2026-05-16,0.0
2026-05-17,0.0
2026-05-18,0.0
2026-05-19,0.0
2026-05-20,0.0
2026-05-21,0.0
2026-05-22,0.0
2026-05-23,13.3
2026-05-24,0.0
2026-05-25,0.0
2026-05-26,0.0
2026-05-27,0.0
2026-05-28,0.0
2026-05-29,0.0
2026-05-30,0.0
2026-05-31,0.0
2026-06-01,0.0
2026-06-02,0.0
2026-06-03,0.0
2026-06-04,0.0
2026-06-05,0.0
2026-06-06,0.0
2026-06-07,0.0
2026-06-08,0.0
2026-06-09,0.0
2026-06-10,0.0
2026-06-11,0.0
2026-06-12,0.0
2026-06-13,0.0
2026-06-14,0.0
2026-06-15,0.0
2026-06-16,0.0
2026-06-17,0.0
2026-06-18,0.0
2026-06-19,0.0
2026-06-20,0.0
2026-06-21,0.0
2026-06-22,18.7
2026-06-23,0.0
2026-06-24,24.2
2026-06-25,4.7
2026-06-26,0.0
2026-06-27,0.0
2026-06-28,4.1
2026-06-29,11.8
2026-06-30,0.5
2026-07-01,5.3
2026-07-02,11.4
2026-07-03,25.3
2026-07-04,30.5
2026-07-05,30.7
2026-07-06,108.4
2026-07-07,97.5
2026-07-08,84.8
2026-07-09,15.1
2026-07-10,0.1
2026-07-11,0.01
2026-07-12,0.0
2026-07-13,0.0
2026-07-14,0.0
2026-07-15,0.0
2026-07-16,0.4
2026-07-17,0.0
2026-07-18,0.01
2026-07-19,2.6
2026-07-20,1.1
2026-07-21,1.9
2026-07-22,37.5
2026-07-23,7.6
2026-07-24,12.4
2026-07-25,8.0
2026-07-26,3.5
2026-07-27,2.5
2026-07-28,18.3
2026-07-29,4.0
2026-07-30,0.01
2026-07-31,14.7
2026-08-01,30.3
2026-08-02,1.5
2026-08-03,1.9
2026-08-04,8.6
2026-08-05,0.7
2026-08-06,2.4
2026-08-07,1.6
2026-08-08,0.8
2026-08-09,0.0
2026-08-10,0.01
2026-08-11,2.0
2026-08-12,5.3
2026-08-13,3.3
2026-08-14,2.9
2026-08-15,3.7
2026-08-16,1.7
2026-08-17,0.5
2026-08-18,0.8
2026-08-19,0.7
2026-08-20,1.2
2026-08-21,1.8
2026-08-22,0.6
2026-08-23,1.7
2026-08-24,0.5
2026-08-25,1.2
2026-08-26,2.1
2026-08-27,0.5
2026-08-28,2.2
2026-08-29,0.3
2026-08-30,3.7
